{"cameraMode":{"drawMode":0,"name":"Shaded","section":"Shading Mode"},"sceneLighting":false,"audioPlay":false,"sceneViewState":{"m_AlwaysRefresh":false,"showFog":true,"showSkybox":false,"showFlares":true,"showImageEffects":true,"showParticleSystems":true,"showVisualEffectGraphs":true,"m_FxEnabled":true},"in2DMode":false,"pivot":{"x":-1.2551143169403077,"y":1.221158742904663,"z":1.8552663326263428},"rotation":{"x":-0.023244941607117654,"y":0.8755031824111939,"z":-0.042328301817178729,"w":-0.480792760848999},"size":1.7854905128479005,"orthographic":false}