{"cameraMode":{"drawMode":0,"name":"Shaded","section":"Shading Mode"},"sceneLighting":false,"audioPlay":false,"sceneViewState":{"m_AlwaysRefresh":false,"showFog":true,"showSkybox":false,"showFlares":true,"showImageEffects":true,"showParticleSystems":true,"showVisualEffectGraphs":true,"m_FxEnabled":true},"in2DMode":false,"pivot":{"x":3.8169565200805666,"y":9.97203254699707,"z":36.87024688720703},"rotation":{"x":-0.027824439108371736,"y":-0.15975329279899598,"z":-0.00450455816462636,"w":0.9867551326751709},"size":10.593707084655762,"orthographic":false}